-- 工资管理系统示例数据
USE salary_management_system;

-- 部门数据
INSERT INTO departments (name, description) VALUES 
('研发部', '负责产品研发与技术创新'),
('市场部', '负责市场营销与推广'),
('销售部', '负责产品销售与客户维护'),
('财务部', '负责公司财务管理'),
('人事部', '负责人力资源管理'),
('行政部', '负责日常行政事务');

-- 职位数据
INSERT INTO positions (name, description) VALUES 
('部门经理', '负责部门整体管理'),
('高级工程师', '负责核心技术研发'),
('工程师', '负责具体功能实现'),
('助理工程师', '协助工程师工作'),
('产品经理', '负责产品规划与设计'),
('市场专员', '负责市场调研与分析'),
('销售经理', '负责销售团队管理'),
('销售代表', '负责产品销售'),
('财务经理', '负责财务团队管理'),
('会计', '负责日常账务处理'),
('出纳', '负责资金收支管理'),
('人事主管', '负责人力资源团队管理'),
('招聘专员', '负责员工招聘'),
('培训专员', '负责员工培训'),
('行政主管', '负责行政团队管理');

-- 员工数据
INSERT INTO employees (name, department_id, position_id, base_salary, hire_date, phone, email, address, id_card, bank_name, bank_account, status) VALUES 
('张三', 1, 1, 15000.00, '2020-01-15', '13800138001', 'zhangsan@example.com', '北京市海淀区中关村科技园', '110101199001011234', '中国工商银行', '6222021234567890123', 1),
('李四', 1, 2, 12000.00, '2020-03-20', '13800138002', 'lisi@example.com', '北京市朝阳区建国路88号', '110101199102022345', '中国建设银行', '6227002345678901234', 1),
('王五', 1, 3, 8000.00, '2020-06-15', '13800138003', 'wangwu@example.com', '北京市海淀区学院路15号', '110101199203033456', '中国农业银行', '6228003456789012345', 1),
('赵六', 2, 5, 10000.00, '2020-08-10', '13800138004', 'zhaoliu@example.com', '北京市朝阳区东三环北路10号', '110101199304044567', '中国银行', '6225004567890123456', 1),
('钱七', 2, 6, 7500.00, '2021-01-05', '13800138005', 'qianqi@example.com', '北京市西城区西长安街1号', '110101199405055678', '中国工商银行', '6222025678901234567', 1),
('孙八', 3, 7, 12000.00, '2021-03-10', '13800138006', 'sunba@example.com', '北京市海淀区中关村南大街5号', '110101199506066789', '中国建设银行', '6227006789012345678', 1),
('周九', 3, 8, 8000.00, '2021-05-15', '13800138007', 'zhoujiu@example.com', '北京市朝阳区工体北路13号', '110101199607077890', '中国农业银行', '6228007890123456789', 1),
('吴十', 4, 9, 12000.00, '2021-07-20', '13800138008', 'wushi@example.com', '北京市东城区东长安街1号', '110101199708088901', '中国银行', '6225008901234567890', 1),
('郑十一', 4, 10, 8000.00, '2021-09-01', '13800138009', 'zhengshiyi@example.com', '北京市西城区阜成门外大街11号', '110101199809099012', '中国工商银行', '6222029012345678901', 1),
('王十二', 4, 11, 7000.00, '2021-11-05', '13800138010', 'wangshier@example.com', '北京市海淀区北四环西路9号', '110101199910100123', '中国建设银行', '6227000123456789012', 1),
('李十三', 5, 12, 11000.00, '2022-01-10', '13800138011', 'lishisan@example.com', '北京市朝阳区光华路7号', '110101199001111234', '中国农业银行', '6228001234567890123', 1),
('张十四', 5, 13, 7500.00, '2022-03-15', '13800138012', 'zhangshisi@example.com', '北京市海淀区五道口3号', '110101199102122345', '中国银行', '6225002345678901234', 1),
('刘十五', 5, 14, 7500.00, '2022-05-20', '13800138013', 'liushiwu@example.com', '北京市朝阳区朝阳公园6号', '110101199203133456', '中国工商银行', '6222023456789012345', 1),
('陈十六', 6, 15, 10000.00, '2022-07-01', '13800138014', 'chenshiliu@example.com', '北京市西城区车公庄大街4号', '110101199304144567', '中国建设银行', '6227004567890123456', 1);

-- 初始化员工社保公积金配置
INSERT INTO employee_social_security (employee_id, config_id, base_number, housing_fund_base, effective_date) VALUES 
(1, 1, 10000.00, 10000.00, '2020-01-15'),
(2, 1, 10000.00, 10000.00, '2020-03-20'),
(3, 1, 8000.00, 8000.00, '2020-06-15'),
(4, 1, 8000.00, 8000.00, '2020-08-10'),
(5, 1, 7500.00, 7500.00, '2021-01-05'),
(6, 1, 10000.00, 10000.00, '2021-03-10'),
(7, 1, 8000.00, 8000.00, '2021-05-15'),
(8, 1, 10000.00, 10000.00, '2021-07-20'),
(9, 1, 8000.00, 8000.00, '2021-09-01'),
(10, 1, 7000.00, 7000.00, '2021-11-05'),
(11, 1, 10000.00, 10000.00, '2022-01-10'),
(12, 1, 7500.00, 7500.00, '2022-03-15'),
(13, 1, 7500.00, 7500.00, '2022-05-20'),
(14, 1, 8000.00, 8000.00, '2022-07-01');

-- 考勤记录（以2023年6月为例）
-- 张三的考勤记录
INSERT INTO attendance (employee_id, date, status_id, overtime_hours, remarks) VALUES 
(1, '2023-06-01', 1, 0, NULL),
(1, '2023-06-02', 1, 2, '项目加班'),
(1, '2023-06-05', 1, 0, NULL),
(1, '2023-06-06', 1, 0, NULL),
(1, '2023-06-07', 1, 0, NULL),
(1, '2023-06-08', 1, 0, NULL),
(1, '2023-06-09', 1, 0, NULL),
(1, '2023-06-12', 1, 0, NULL),
(1, '2023-06-13', 1, 0, NULL),
(1, '2023-06-14', 1, 0, NULL),
(1, '2023-06-15', 1, 0, NULL),
(1, '2023-06-16', 1, 1.5, '项目评审会议'),
(1, '2023-06-19', 1, 0, NULL),
(1, '2023-06-20', 2, 0, '上午会议迟到'),
(1, '2023-06-21', 1, 0, NULL),
(1, '2023-06-22', 1, 0, NULL),
(1, '2023-06-23', 1, 0, NULL),
(1, '2023-06-26', 1, 0, NULL),
(1, '2023-06-27', 1, 0, NULL),
(1, '2023-06-28', 1, 0, NULL),
(1, '2023-06-29', 1, 0, NULL),
(1, '2023-06-30', 1, 0, NULL);

-- 李四的考勤记录
INSERT INTO attendance (employee_id, date, status_id, overtime_hours, remarks) VALUES 
(2, '2023-06-01', 1, 0, NULL),
(2, '2023-06-02', 1, 2, '项目加班'),
(2, '2023-06-05', 1, 0, NULL),
(2, '2023-06-06', 7, 0, '年假'),
(2, '2023-06-07', 7, 0, '年假'),
(2, '2023-06-08', 1, 0, NULL),
(2, '2023-06-09', 1, 0, NULL),
(2, '2023-06-12', 1, 0, NULL),
(2, '2023-06-13', 1, 0, NULL),
(2, '2023-06-14', 1, 0, NULL),
(2, '2023-06-15', 1, 0, NULL),
(2, '2023-06-16', 1, 0, NULL),
(2, '2023-06-19', 1, 0, NULL),
(2, '2023-06-20', 1, 0, NULL),
(2, '2023-06-21', 1, 0, NULL),
(2, '2023-06-22', 1, 0, NULL),
(2, '2023-06-23', 1, 3, '系统上线'),
(2, '2023-06-26', 1, 0, NULL),
(2, '2023-06-27', 1, 0, NULL),
(2, '2023-06-28', 1, 0, NULL),
(2, '2023-06-29', 3, 0, '提前离开处理私事'),
(2, '2023-06-30', 1, 0, NULL);

-- 工资记录数据（2023年6月）
INSERT INTO salary_records (employee_id, year, month, base_salary, overtime_pay, bonus, deduction, social_security, personal_tax, net_salary, status, payment_date) VALUES 
(1, 2023, 6, 15000.00, 525.00, 2000.00, 50.00, 2050.00, 850.00, 14575.00, 'paid', '2023-07-10 10:00:00'),
(2, 2023, 6, 12000.00, 750.00, 1500.00, 50.00, 1700.00, 650.00, 11850.00, 'paid', '2023-07-10 10:00:00'),
(3, 2023, 6, 8000.00, 300.00, 800.00, 0.00, 1050.00, 250.00, 7800.00, 'paid', '2023-07-10 10:00:00'),
(4, 2023, 6, 10000.00, 0.00, 1200.00, 0.00, 1300.00, 450.00, 9450.00, 'paid', '2023-07-10 10:00:00'),
(5, 2023, 6, 7500.00, 0.00, 600.00, 200.00, 1000.00, 180.00, 6720.00, 'paid', '2023-07-10 10:00:00'),
(6, 2023, 6, 12000.00, 0.00, 2500.00, 0.00, 1700.00, 650.00, 12150.00, 'paid', '2023-07-10 10:00:00'),
(7, 2023, 6, 8000.00, 0.00, 1500.00, 0.00, 1050.00, 280.00, 8170.00, 'paid', '2023-07-10 10:00:00'),
(8, 2023, 6, 12000.00, 0.00, 1000.00, 0.00, 1700.00, 580.00, 10720.00, 'paid', '2023-07-10 10:00:00'),
(9, 2023, 6, 8000.00, 225.00, 500.00, 0.00, 1050.00, 240.00, 7435.00, 'paid', '2023-07-10 10:00:00'),
(10, 2023, 6, 7000.00, 0.00, 500.00, 100.00, 900.00, 150.00, 6350.00, 'paid', '2023-07-10 10:00:00'),
(11, 2023, 6, 11000.00, 0.00, 1000.00, 0.00, 1500.00, 520.00, 9980.00, 'paid', '2023-07-10 10:00:00'),
(12, 2023, 6, 7500.00, 0.00, 500.00, 0.00, 1000.00, 180.00, 6820.00, 'paid', '2023-07-10 10:00:00'),
(13, 2023, 6, 7500.00, 0.00, 500.00, 0.00, 1000.00, 180.00, 6820.00, 'paid', '2023-07-10 10:00:00'),
(14, 2023, 6, 10000.00, 0.00, 800.00, 0.00, 1300.00, 430.00, 9070.00, 'paid', '2023-07-10 10:00:00');

-- 工资明细数据（以张三为例）
INSERT INTO salary_details (salary_id, item_id, amount) VALUES 
(1, 1, 15000.00), -- 基本工资
(1, 2, 525.00),   -- 加班费
(1, 3, 2000.00),  -- 绩效奖金
(1, 7, 1050.00),  -- 社保个人部分
(1, 8, 1000.00),  -- 公积金个人部分
(1, 9, 850.00),   -- 个人所得税
(1, 10, 50.00);   -- 迟到扣款

-- 用户数据
INSERT INTO users (username, password, employee_id, role, is_active) VALUES 
('admin', '$2b$12$tSnYXYB.aKJ0euuEUf/S9.mF7yQpDpVMX1EZKoQdH84zvO4GbKnf.', NULL, 'admin', 1), -- 密码: admin123
('zhangsan', '$2b$12$W.S/NeZIbBfRqK6UJ1MSOuz7TTg6PHPlMGmGSMCd0M96.yVS/hYZO', 1, 'manager', 1), -- 密码: 123456
('lisi', '$2b$12$Vc5e0gBsCm1EN9PnXuFQWOtCBZq46xqHPGEOEPiKSZFBqkJwMDSta', 2, 'employee', 1), -- 密码: 123456
('hr', '$2b$12$iH2hSYWbvXmSaEd1hyUveOYGXZzF2vT0lF8rl4Tehmge/lK1HSNEO', 11, 'hr', 1); -- 密码: hr123456

-- 操作日志数据
INSERT INTO operation_logs (user_id, operation_type, operation_content, ip_address, operation_time) VALUES 
(1, '登录', '管理员登录系统', '192.168.1.100', '2023-06-01 09:00:00'),
(1, '修改', '修改系统参数：加班费率', '192.168.1.100', '2023-06-01 09:30:00'),
(2, '登录', '部门经理登录系统', '192.168.1.101', '2023-06-01 10:00:00'),
(2, '审批', '审批王五请假申请', '192.168.1.101', '2023-06-01 10:30:00'),
(3, '登录', '员工登录系统', '192.168.1.102', '2023-06-01 11:00:00'),
(3, '查询', '查询个人工资信息', '192.168.1.102', '2023-06-01 11:15:00'),
(4, '登录', 'HR登录系统', '192.168.1.103', '2023-06-01 14:00:00'),
(4, '操作', '导出员工考勤记录', '192.168.1.103', '2023-06-01 14:30:00'),
(4, '操作', '导出工资报表', '192.168.1.103', '2023-06-01 15:00:00'); 